{
    "fold1": {
        "acc": 78.69019341703427,
        "top5_acc": 99.86426874787921,
        "uar": 79.45493382489025,
        "f1": 79.6560831267187
    }
}