{
    "fold1": {
        "acc": 78.69019341703427,
        "top5_acc": 99.86426874787921,
        "uar": 79.45493382489025,
        "f1": 79.6560831267187
    },
    "fold2": {
        "acc": 79.70817780794029,
        "top5_acc": 99.93213437393959,
        "uar": 80.3460034201216,
        "f1": 80.05844645331078
    },
    "fold3": {
        "acc": 78.69019341703427,
        "top5_acc": 99.93213437393959,
        "uar": 79.20861632014991,
        "f1": 79.39443380847092
    },
    "fold4": {
        "acc": 77.33288089582626,
        "top5_acc": 100.0,
        "uar": 78.08512066739036,
        "f1": 78.2130889174351
    },
    "fold5": {
        "acc": 79.09738717339667,
        "top5_acc": 99.93213437393959,
        "uar": 79.75078261095034,
        "f1": 79.84435397303876
    },
    "average": {
        "f1": 79.43328125579485,
        "acc": 78.70376654224636,
        "top5_acc": 99.93213437393959
    }
}