{
    "fold1": {
        "acc": 71.36070580251102,
        "top5_acc": 99.4231421784866,
        "uar": 71.83263388640046,
        "f1": 71.55922174548076
    },
    "fold2": {
        "acc": 71.19104173736002,
        "top5_acc": 99.2195453003054,
        "uar": 71.7443556616781,
        "f1": 71.69208427027024
    },
    "fold3": {
        "acc": 71.46250424160164,
        "top5_acc": 99.491007804547,
        "uar": 72.33620212006852,
        "f1": 72.37167980007229
    },
    "fold4": {
        "acc": 71.32677298948083,
        "top5_acc": 99.2874109263658,
        "uar": 72.10405133302436,
        "f1": 71.3385366094321
    },
    "fold5": {
        "acc": 70.24092297251443,
        "top5_acc": 99.5928062436376,
        "uar": 70.96860968893914,
        "f1": 70.48819714508969
    },
    "average": {
        "f1": 71.48994391406902,
        "acc": 71.11638954869359,
        "top5_acc": 99.40278249066847
    }
}